Year|Month|prodID|manufacturingCost
5|1|1|240480
5|1|2|815000
5|1|4|1277575
5|1|5|489600
5|1|6|1281978
5|1|7|834678
5|1|8|747340
5|1|10|1057280
5|1|11|451670
5|1|12|968546
5|1|15|499872
5|1|16|389493
5|1|18|155232
5|1|19|1247496
5|1|20|530894
5|1|21|487730
5|1|22|236860
5|1|23|235440
5|1|24|835547
5|1|26|620688
5|1|27|804972
5|1|28|278661
5|1|30|752423
5|1|31|1137600
5|1|33|773256
5|1|34|733243
5|1|35|324760
5|1|36|1083441
5|1|37|1320939
5|1|39|408564
5|1|40|524370
5|1|42|1611880
5|1|43|1058400
5|2|1|447840
5|2|2|381250
5|2|4|732875
5|2|5|382840
5|2|6|1812216
5|2|7|693576
5|2|8|707135
5|2|10|767295
5|2|11|669280
5|2|12|950942
5|2|15|356946
5|2|16|246402
5|2|18|312032
5|2|19|1142358
5|2|20|641550
5|2|21|447413
5|2|22|195520
5|2|23|204840
5|2|24|777948
5|2|26|343540
5|2|27|1106910
5|2|28|201492
5|2|30|818881
5|2|31|1228000
5|2|33|850824
5|2|34|645792
5|2|35|324185
5|2|36|763603
5|2|37|684314
5|2|39|189926
5|2|40|587580
5|2|42|1103064
5|2|43|894432
5|3|1|304920
5|3|2|410250
5|3|4|1051700
5|3|5|621180
5|3|6|1537248
5|3|7|596700
5|3|8|692945
5|3|10|749595
5|3|11|889240
5|3|12|807828
5|3|15|361128
5|3|16|483561
5|3|18|542416
5|3|19|1613532
5|3|20|435526
5|3|21|482596
5|3|22|228930
5|3|23|215856
5|3|24|803494
5|3|26|934699
5|3|27|1391502
5|3|28|238119
5|3|30|1006082
5|3|31|1308800
5|3|33|1198062
5|3|34|759934
5|3|35|438610
5|3|36|1071989
5|3|37|1209356
5|3|39|288672
5|3|40|422730
5|3|42|1299416
5|3|43|971376
5|4|1|267720
5|4|2|731750
5|4|4|697775
5|4|5|514420
5|4|6|1242984
5|4|7|678834
5|4|8|761100
5|4|10|704460
5|4|11|642960
5|4|12|1526658
5|4|15|361620
5|4|16|353340
5|4|18|280672
5|4|19|1005714
5|4|20|456456
5|4|21|461154
5|4|22|160225
5|4|23|217728
5|4|24|697454
5|4|26|768526
5|4|27|1047816
5|4|28|233769
5|4|30|1012991
5|4|31|1128800
5|4|33|602364
5|4|34|653821
5|4|35|425155
5|4|36|1096529
5|4|37|1553828
5|4|39|320100
5|4|40|667590
5|4|42|1529280
5|4|43|1227408
5|5|1|322560
5|5|2|567250
5|5|4|891800
5|5|5|425680
5|5|6|1265898
5|5|7|587340
5|5|8|542445
5|5|10|931610
5|5|11|1117660
5|5|12|857054
5|5|15|401841
5|5|16|426231
5|5|18|294112
5|5|19|916506
5|5|20|574756
5|5|21|429142
5|5|22|186225
5|5|23|231552
5|5|24|973881
5|5|26|551015
5|5|27|706776
5|5|28|309981
5|5|30|1204798
5|5|31|1408000
5|5|33|742047
5|5|34|688975
5|5|35|272205
5|5|36|1314117
5|5|37|1432522
5|5|39|237359
5|5|40|487410
5|5|42|1333400
5|5|43|1281840
5|6|1|368400
5|6|2|610750
5|6|4|1156675
5|6|5|691900
5|6|6|1248210
5|6|7|460278
5|6|8|457090
5|6|10|825705
5|6|11|677505
5|6|12|1449070
5|6|15|513402
5|6|16|476541
5|6|18|220752
5|6|19|1142358
5|6|20|536172
5|6|21|510531
5|6|22|127595
5|6|23|233280
5|6|24|814580
5|6|26|603318
5|6|27|794682
5|6|28|217152
5|6|30|1047865
5|6|31|1250800
5|6|33|1053228
5|6|34|584815
5|6|35|266800
5|6|36|1194689
5|6|37|1007951
5|6|39|185270
5|6|40|686490
5|6|42|1508040
5|6|43|1107792
5|7|1|327840
5|7|2|736250
5|7|4|953875
5|7|5|505240
5|7|6|1496646
5|7|7|963378
5|7|8|777010
5|7|10|1020110
5|7|11|838245
5|7|12|610272
5|7|15|362973
5|7|16|383760
5|7|18|398832
5|7|19|969606
5|7|20|543088
5|7|21|472932
5|7|22|158535
5|7|23|325296
5|7|24|634071
5|7|26|579579
5|7|27|1075158
5|7|28|241338
5|7|30|868889
5|7|31|1427600
5|7|33|847491
5|7|34|448322
5|7|35|273930
5|7|36|1894488
5|7|37|2001086
5|7|39|257341
5|7|40|518700
5|7|42|1334344
5|7|43|861504
5|8|1|274560
5|8|2|499250
5|8|4|917475
5|8|5|748170
5|8|6|775860
5|8|7|853866
5|8|8|767120
5|8|10|1195045
5|8|11|761165
5|8|12|902694
5|8|15|436527
5|8|16|301158
5|8|18|455952
5|8|19|1567866
5|8|20|479024
5|8|21|572592
5|8|22|195845
5|8|23|237384
5|8|24|887121
5|8|26|466481
5|8|27|1181586
5|8|28|322161
5|8|30|960022
5|8|31|1272800
5|8|33|882942
5|8|34|629951
5|8|35|373405
5|8|36|1027408
5|8|37|1679764
5|8|39|183912
5|8|40|732900
5|8|42|1097400
5|8|43|1491840
5|9|1|420720
5|9|2|638250
5|9|4|795925
5|9|5|413270
5|9|6|1403382
5|9|7|856440
5|9|8|499015
5|9|10|1113625
5|9|11|524520
5|9|12|847926
5|9|15|499257
5|9|16|339768
5|9|18|301952
5|9|19|1092090
5|9|20|653744
5|9|21|513853
5|9|22|269425
5|9|23|178632
5|9|24|558638
5|9|26|400668
5|9|27|988134
5|9|28|301194
5|9|30|968247
5|9|31|1188400
5|9|33|819918
5|9|34|755811
5|9|35|408710
5|9|36|800822
5|9|37|1192688
5|9|39|294298
5|9|40|696780
5|9|42|1494352
5|9|43|766416
5|10|1|327720
5|10|2|655250
5|10|4|1074125
5|10|5|447270
5|10|6|1314138
5|10|7|679302
5|10|8|526750
5|10|10|981170
5|10|11|915325
5|10|12|661128
5|10|15|435297
5|10|16|317421
5|10|18|334992
5|10|19|614190
5|10|20|468104
5|10|21|462513
5|10|22|209170
5|10|23|191736
5|10|24|736978
5|10|26|653691
5|10|27|1343580
5|10|28|253692
5|10|30|992264
5|10|31|1582800
5|10|33|1383195
5|10|34|807023
5|10|35|301645
5|10|36|1096120
5|10|37|1113052
5|10|39|291679
5|10|40|909930
5|10|42|1177168
5|10|43|519120
5|11|1|353040
5|11|2|634750
5|11|4|729950
5|11|5|328440
5|11|6|1052436
5|11|7|868140
5|11|8|683915
5|11|10|1013030
5|11|11|642020
5|11|12|858032
5|11|15|428286
5|11|16|260208
5|11|18|330512
5|11|19|870132
5|11|20|555646
5|11|21|454661
5|11|22|239590
5|11|23|298800
5|11|24|631420
5|11|26|419003
5|11|27|1060752
5|11|28|239163
5|11|30|1310078
5|11|31|1139200
5|11|33|667509
5|11|34|670530
5|11|35|312800
5|11|36|1263810
5|11|37|1335292
5|11|39|225719
5|11|40|775950
5|11|42|1413168
5|11|43|1188768
5|12|1|381600
5|12|2|674500
5|12|4|850525
5|12|5|635630
5|12|6|1206402
5|12|7|614952
5|12|8|755725
5|12|10|1127785
5|12|11|659880
5|12|12|1161212
5|12|15|399873
5|12|16|408213
5|12|18|318080
5|12|19|1003590
5|12|20|556010
5|12|21|427783
5|12|22|258115
5|12|23|246816
5|12|24|939177
5|12|26|390053
5|12|27|626514
5|12|28|322509
5|12|30|1052800
5|12|31|1194800
5|12|33|1031715
5|12|34|618233
5|12|35|434470
5|12|36|1365651
5|12|37|1298252
5|12|39|287896
5|12|40|777630
5|12|42|1144128
5|12|43|854784
6|1|1|395640
6|1|2|641500
6|1|4|887575
6|1|5|343230
6|1|6|1716942
6|1|7|603018
6|1|8|670800
6|1|10|991200
6|1|11|575750
6|1|12|903998
6|1|15|206271
6|1|16|313794
6|1|18|438816
6|1|19|1129260
6|1|20|502138
6|1|21|452547
6|1|22|216905
6|1|23|249048
6|1|24|820605
6|1|26|745752
6|1|27|873768
6|1|28|296235
6|1|30|1204469
6|1|31|581200
6|1|33|1201092
6|1|34|628432
6|1|35|378580
6|1|36|1141110
6|1|37|1393630
6|1|39|340373
6|1|40|716100
6|1|42|1945112
6|1|43|893760
6|2|1|232080
6|2|2|586500
6|2|4|912925
6|2|5|289170
6|2|6|976056
6|2|7|577980
6|2|8|562870
6|2|10|1190325
6|2|11|722860
6|2|12|1227390
6|2|15|324597
6|2|16|324090
6|2|18|319984
6|2|19|798270
6|2|20|523432
6|2|21|403321
6|2|22|153075
6|2|23|236304
6|2|24|702997
6|2|26|599072
6|2|27|867006
6|2|28|321639
6|2|30|1015294
6|2|31|906800
6|2|33|1193517
6|2|34|757547
6|2|35|284510
6|2|36|1407778
6|2|37|1437615
6|2|39|214564
6|2|40|652890
6|2|42|1531640
6|2|43|1109472
6|3|1|315480
6|3|2|681750
6|3|4|1171950
6|3|5|511700
6|3|6|1014648
6|3|7|722826
6|3|8|649300
6|3|10|1157875
6|3|11|673040
6|3|12|1100250
6|3|15|444522
6|3|16|317655
6|3|18|304416
6|3|19|960048
6|3|20|663572
6|3|21|567609
6|3|22|228605
6|3|23|194976
6|3|24|677451
6|3|26|634391
6|3|27|666498
6|3|28|366096
6|3|30|997199
6|3|31|968800
6|3|33|991113
6|3|34|753207
6|3|35|370415
6|3|36|1434772
6|3|37|1302882
6|3|39|350752
6|3|40|574770
6|3|42|1382016
6|3|43|1430016
6|4|1|368760
6|4|2|937250
6|4|4|732225
6|4|5|634440
6|4|6|1169820
6|4|7|605826
6|4|8|725840
6|4|10|1011555
6|4|11|917205
6|4|12|868790
6|4|15|443046
6|4|16|196677
6|4|18|223776
6|4|19|767118
6|4|20|759668
6|4|21|401358
6|4|22|287430
6|4|23|248112
6|4|24|834824
6|4|26|630338
6|4|27|881412
6|4|28|255693
6|4|30|991935
6|4|31|1291200
6|4|33|1042623
6|4|34|840875
6|4|35|248515
6|4|36|1021682
6|4|37|1333440
6|4|39|233285
6|4|40|615510
6|4|42|1289032
6|4|43|1034880
6|5|1|454320
6|5|2|672000
6|5|4|1128725
6|5|5|457470
6|5|6|927816
6|5|7|816426
6|5|8|484180
6|5|10|885295
6|5|11|922610
6|5|12|1055262
6|5|15|383760
6|5|16|321165
6|5|18|433776
6|5|19|1163244
6|5|20|704158
6|5|21|465080
6|5|22|204165
6|5|23|247752
6|5|24|975809
6|5|26|479412
6|5|27|1118964
6|5|28|219153
6|5|30|1111362
6|5|31|1748800
6|5|33|1043835
6|5|34|672266
6|5|35|314180
6|5|36|1233135
6|5|37|1628371
6|5|39|291388
6|5|40|643020
6|5|42|775024
6|5|43|845376
6|6|1|380280
6|6|2|810750
6|6|4|1048450
6|6|5|655690
6|6|6|1585086
6|6|7|875628
6|6|8|520300
6|6|10|977630
6|6|11|816155
6|6|12|691120
6|6|15|507252
6|6|16|478764
6|6|18|304976
6|6|19|869424
6|6|20|565474
6|6|21|510682
6|6|22|179855
6|6|23|230328
6|6|24|731194
6|6|26|700011
6|6|27|734412
6|6|28|267003
6|6|30|846517
6|6|31|960800
6|6|33|807495
6|6|34|901635
6|6|35|432170
6|6|36|1055220
6|6|37|1219542
6|6|39|222906
6|6|40|559440
6|6|42|2001752
6|6|43|851088
6|7|1|358200
6|7|2|717250
6|7|4|1250275
6|7|5|576640
6|7|6|1313334
6|7|7|931320
6|7|8|476440
6|7|10|1386500
6|7|11|659880
6|7|12|768056
6|7|15|471951
6|7|16|341640
6|7|18|411936
6|7|19|1063770
6|7|20|567112
6|7|21|338844
6|7|22|206180
6|7|23|204912
6|7|24|737942
6|7|26|579579
6|7|27|990192
6|7|28|177219
6|7|30|812630
6|7|31|1204800
6|7|33|1118979
6|7|34|620186
6|7|35|368460
6|7|36|1477308
6|7|37|804694
6|7|39|237553
6|7|40|658140
6|7|42|895384
6|7|43|1589952
6|8|1|256920
6|8|2|654250
6|8|4|1004250
6|8|5|487900
6|8|6|1244994
6|8|7|983736
6|8|8|599850
6|8|10|760510
6|8|11|1038935
6|8|12|1094382
6|8|15|459405
6|8|16|496080
6|8|18|263200
6|8|19|1174218
6|8|20|690144
6|8|21|389731
6|8|22|130780
6|8|23|226728
6|8|24|796505
6|8|26|570508
6|8|27|859068
6|8|28|190269
6|8|30|710311
6|8|31|1149600
6|8|33|818403
6|8|34|730422
6|8|35|296470
6|8|36|1361561
6|8|37|1463080
6|8|39|384120
6|8|40|422940
6|8|42|1555712
6|8|43|899808
6|9|1|322080
6|9|2|1193000
6|9|4|990600
6|9|5|563380
6|9|6|1064496
6|9|7|662220
6|9|8|605010
6|9|10|889425
6|9|11|756230
6|9|12|1108726
6|9|15|391386
6|9|16|332982
6|9|18|410480
6|9|19|1533528
6|9|20|409136
6|9|21|475197
6|9|22|178750
6|9|23|173232
6|9|24|569001
6|9|26|798827
6|9|27|723240
6|9|28|312504
6|9|30|976472
6|9|31|746800
6|9|33|1018383
6|9|34|716317
6|9|35|377890
6|9|36|1359107
6|9|37|1310753
6|9|39|318063
6|9|40|430290
6|9|42|1910184
6|9|43|1103088
6|10|1|243240
6|10|2|1075250
6|10|4|976625
6|10|5|423810
6|10|6|1370418
6|10|7|613080
6|10|8|1188090
6|10|10|887655
6|10|11|726620
6|10|12|1160886
6|10|15|412665
6|10|16|349362
6|10|18|261744
6|10|19|1251036
6|10|20|453362
6|10|21|451037
6|10|22|182975
6|10|23|250416
6|10|24|1171019
6|10|26|639795
6|10|27|976962
6|10|28|249690
6|10|30|1249542
6|10|31|1383600
6|10|33|978387
6|10|34|537943
6|10|35|304175
6|10|36|1576695
6|10|37|1646891
6|10|39|426121
6|10|40|521640
6|10|42|1403256
6|10|43|1193136
6|11|1|391800
6|11|2|794000
6|11|4|548925
6|11|5|452030
6|11|6|1262280
6|11|7|729612
6|11|8|725195
6|11|10|1154925
6|11|11|942115
6|11|12|788594
6|11|15|250797
6|11|16|244062
6|11|18|301280
6|11|19|1246434
6|11|20|542906
6|11|21|436843
6|11|22|218010
6|11|23|247464
6|11|24|959421
6|11|26|584790
6|11|27|828786
6|11|28|309546
6|11|30|1308104
6|11|31|1574800
6|11|33|1199577
6|11|34|497364
6|11|35|272665
6|11|36|941518
6|11|37|1226024
6|11|39|292261
6|11|40|671790
6|11|42|1596776
6|11|43|788928
6|12|1|343440
6|12|2|528500
6|12|4|1040975
6|12|5|602480
6|12|6|1132032
6|12|7|960570
6|12|8|888165
6|12|10|931610
6|12|11|786780
6|12|12|1049394
6|12|15|378594
6|12|16|424827
6|12|18|380576
6|12|19|1114392
6|12|20|707980
6|12|21|659568
6|12|22|265655
6|12|23|316872
6|12|24|1014369
6|12|26|554489
6|12|27|1004892
6|12|28|181395
6|12|30|1187690
6|12|31|921600
6|12|33|745380
6|12|34|880803
6|12|35|442405
6|12|36|1714528
6|12|37|1303808
6|12|39|264228
6|12|40|511140
6|12|42|1846936
6|12|43|1139376
7|1|1|386760
7|1|2|849500
7|1|4|1186250
7|1|5|433330
7|1|6|1964574
7|1|7|768690
7|1|8|596410
7|1|10|964355
7|1|11|579275
7|1|12|1056892
7|1|15|496797
7|1|16|397800
7|1|18|271376
7|1|19|1048194
7|1|20|614432
7|1|21|470818
7|1|22|82940
7|1|23|226872
7|1|24|956529
7|1|26|674535
7|1|27|773808
7|1|28|204885
7|1|30|1190980
7|1|31|1235600
7|1|33|991113
7|1|34|629517
7|1|35|255415
7|1|36|1666675
7|1|37|1273713
7|1|39|392074
7|1|40|775320
7|1|42|1530224
7|1|43|1418592
7|2|1|325440
7|2|2|685250
7|2|4|1652625
7|2|5|430440
7|2|6|1231728
7|2|7|709254
7|2|8|737020
7|2|10|799155
7|2|11|848115
7|2|12|844666
7|2|15|411189
7|2|16|396864
7|2|18|339584
7|2|19|1008546
7|2|20|593502
7|2|21|415099
7|2|22|150215
7|2|23|159552
7|2|24|767585
7|2|26|744015
7|2|27|898170
7|2|28|274659
7|2|30|990948
7|2|31|1035200
7|2|33|1077771
7|2|34|532735
7|2|35|240120
7|2|36|1221683
7|2|37|1280195
7|2|39|214564
7|2|40|841470
7|2|42|1840328
7|2|43|888384
7|3|1|338760
7|3|2|845750
7|3|4|1122875
7|3|5|679490
7|3|6|1239768
7|3|7|1025622
7|3|8|839575
7|3|10|648705
7|3|11|915090
7|3|12|1191204
7|3|15|395076
7|3|16|349947
7|3|18|387744
7|3|19|1335642
7|3|20|384930
7|3|21|422800
7|3|22|167050
7|3|23|143856
7|3|24|676246
7|3|26|319029
7|3|27|678846
7|3|28|214890
7|3|30|1132089
7|3|31|1266400
7|3|33|1086255
7|3|34|752122
7|3|35|295780
7|3|36|608183
7|3|37|1678375
7|3|39|387127
7|3|40|589050
7|3|42|1965408
7|3|43|858480
7|4|1|438720
7|4|2|671500
7|4|4|1119300
7|4|5|436220
7|4|6|488028
7|4|7|640926
7|4|8|670585
7|4|10|693840
7|4|11|559065
7|4|12|1083624
7|4|15|253995
7|4|16|240669
7|4|18|464352
7|4|19|1323252
7|4|20|505232
7|4|21|437749
7|4|22|165295
7|4|23|186480
7|4|24|642506
7|4|26|749805
7|4|27|956970
7|4|28|295365
7|4|30|829409
7|4|31|1382800
7|4|33|1062318
7|4|34|552699
7|4|35|393070
7|4|36|1293258
7|4|37|1271861
7|4|39|246186
7|4|40|457170
7|4|42|1785576
7|4|43|1325520
7|5|1|428880
7|5|2|664750
7|5|4|1153750
7|5|5|474130
7|5|6|1931208
7|5|7|967122
7|5|8|883435
7|5|10|1019815
7|5|11|707820
7|5|12|1142304
7|5|15|196308
7|5|16|379548
7|5|18|407008
7|5|19|925002
7|5|20|561652
7|5|21|472479
7|5|22|168545
7|5|23|292176
7|5|24|1125470
7|5|26|608915
7|5|27|999012
7|5|28|256389
7|5|30|1164331
7|5|31|1720000
7|5|33|821736
7|5|34|694617
7|5|35|350520
7|5|36|1747657
7|5|37|912573
7|5|39|180032
7|5|40|614460
7|5|42|1128080
7|5|43|982800
7|6|1|495480
7|6|2|614750
7|6|4|803075
7|6|5|519350
7|6|6|1020276
7|6|7|534690
7|6|8|991365
7|6|10|1053445
7|6|11|565410
7|6|12|746540
7|6|15|477732
7|6|16|384930
7|6|18|268800
7|6|19|1347678
7|6|20|481572
7|6|21|293997
7|6|22|233805
7|6|23|210384
7|6|24|818677
7|6|26|784352
7|6|27|1240386
7|6|28|307023
7|6|30|1230789
7|6|31|1139600
7|6|33|1352592
7|6|34|784238
7|6|35|310500
7|6|36|1386919
7|6|37|1326495
7|6|39|262967
7|6|40|758520
7|6|42|1475000
7|6|43|1137360
7|7|1|309840
7|7|2|557000
7|7|4|1039350
7|7|5|620500
7|7|6|1169820
7|7|7|845208
7|7|8|480740
7|7|10|627760
7|7|11|774325
7|7|12|1014838
7|7|15|395814
7|7|16|398034
7|7|18|172592
7|7|19|1235814
7|7|20|583128
7|7|21|452245
7|7|22|164905
7|7|23|213336
7|7|24|551890
7|7|26|649252
7|7|27|1033998
7|7|28|251082
7|7|30|1181439
7|7|31|1308000
7|7|33|887790
7|7|34|629083
7|7|35|394680
7|7|36|1045404
7|7|37|1218153
7|7|39|292067
7|7|40|915180
7|7|42|2379352
7|7|43|1097712
7|8|1|429600
7|8|2|909500
7|8|4|763750
7|8|5|507450
7|8|6|1210824
7|8|7|522522
7|8|8|526965
7|8|10|1139585
7|8|11|748240
7|8|12|889654
7|8|15|401718
7|8|16|385047
7|8|18|375648
7|8|19|847476
7|8|20|593866
7|8|21|541184
7|8|22|240435
7|8|23|258192
7|8|24|833619
7|8|26|622618
7|8|27|793506
7|8|28|280836
7|8|30|996212
7|8|31|1746400
7|8|33|1051713
7|8|34|573531
7|8|35|361330
7|8|36|1365651
7|8|37|1072771
7|8|39|292358
7|8|40|930930
7|8|42|1516536
7|8|43|1068816
7|9|1|363000
7|9|2|540250
7|9|4|1013675
7|9|5|472940
7|9|6|1113138
7|9|7|484614
7|9|8|853120
7|9|10|1003295
7|9|11|681265
7|9|12|1060478
7|9|15|413157
7|9|16|430560
7|9|18|329168
7|9|19|1135632
7|9|20|622622
7|9|21|653226
7|9|22|176475
7|9|23|198072
7|9|24|549962
7|9|26|539435
7|9|27|838782
7|9|28|284055
7|9|30|788613
7|9|31|1086400
7|9|33|1593780
7|9|34|810278
7|9|35|445050
7|9|36|1159924
7|9|37|1849222
7|9|39|323592
7|9|40|803040
7|9|42|1307440
7|9|43|1422960
7|10|1|287520
7|10|2|758250
7|10|4|987675
7|10|5|499630
7|10|6|955152
7|10|7|721422
7|10|8|722615
7|10|10|937215
7|10|11|814980
7|10|12|1139370
7|10|15|452394
7|10|16|302796
7|10|18|308000
7|10|19|909072
7|10|20|438438
7|10|21|371913
7|10|22|151515
7|10|23|198936
7|10|24|824461
7|10|26|581509
7|10|27|903756
7|10|28|289362
7|10|30|800457
7|10|31|1276000
7|10|33|682962
7|10|34|770350
7|10|35|294860
7|10|36|1455222
7|10|37|2032570
7|10|39|248126
7|10|40|695940
7|10|42|1305080
7|10|43|1005648
7|11|1|224040
7|11|2|639750
7|11|4|1044875
7|11|5|428400
7|11|6|1286400
7|11|7|614718
7|11|8|520085
7|11|10|922170
7|11|11|766805
7|11|12|884438
7|11|15|525702
7|11|16|513279
7|11|18|245616
7|11|19|1029786
7|11|20|709618
7|11|21|564438
7|11|22|163345
7|11|23|213768
7|11|24|546106
7|11|26|790335
7|11|27|931392
7|11|28|243339
7|11|30|1208746
7|11|31|1144800
7|11|33|1349865
7|11|34|549444
7|11|35|299115
7|11|36|1072807
7|11|37|1271861
7|11|39|214758
7|11|40|747810
7|11|42|1501904
7|11|43|1099728
7|12|1|363720
7|12|2|910750
7|12|4|1040000
7|12|5|601120
7|12|6|1078164
7|12|7|433836
7|12|8|808400
7|12|10|1194160
7|12|11|522875
7|12|12|904324
7|12|15|463095
7|12|16|377091
7|12|18|310688
7|12|19|1234044
7|12|20|610792
7|12|21|613211
7|12|22|182195
7|12|23|231264
7|12|24|567073
7|12|26|571473
7|12|27|1270668
7|12|28|298584
7|12|30|1232434
7|12|31|1117200
7|12|33|865065
7|12|34|687890
7|12|35|258635
7|12|36|917387
7|12|37|1276954
7|12|39|310303
7|12|40|404040
7|12|42|1668048
7|12|43|1247232
8|1|1|342240
8|1|2|532500
8|1|4|984100
8|1|5|593300
8|1|6|1427904
8|1|7|622908
8|1|8|516430
8|1|10|810365
8|1|11|652830
8|1|12|1181424
8|1|15|368877
8|1|16|486369
8|1|18|338688
8|1|19|770304
8|1|20|509964
8|1|21|673309
8|1|22|142285
8|1|23|174888
8|1|24|1019430
8|1|26|680904
8|1|27|897876
8|1|28|339735
8|1|30|1023519
8|1|31|1348800
8|1|33|672054
8|1|34|891002
8|1|35|533255
8|1|36|869534
8|1|37|974615
8|1|39|253849
8|1|40|620970
8|1|42|2218400
8|1|43|1095360
8|2|1|351600
8|2|2|884500
8|2|4|1130350
8|2|5|726920
8|2|6|1416246
8|2|7|591318
8|2|8|833125
8|2|10|945770
8|2|11|976660
8|2|12|958114
8|2|15|262851
8|2|16|304317
8|2|18|252224
8|2|19|1075452
8|2|20|555464
8|2|21|436692
8|2|22|204165
8|2|23|241200
8|2|24|535984
8|2|26|568964
8|2|27|949326
8|2|28|254388
8|2|30|1103137
8|2|31|1255600
8|2|33|978387
8|2|34|642754
8|2|35|237705
8|2|36|1293258
8|2|37|1241766
8|2|39|291388
8|2|40|735630
8|2|42|1352752
8|2|43|976416
8|3|1|341040
8|3|2|680250
8|3|4|1231100
8|3|5|446420
8|3|6|1005402
8|3|7|725166
8|3|8|856560
8|3|10|1219825
8|3|11|678915
8|3|12|990062
8|3|15|455715
8|3|16|319644
8|3|18|316512
8|3|19|1289976
8|3|20|395304
8|3|21|609134
8|3|22|232895
8|3|23|246960
8|3|24|779635
8|3|26|546383
8|3|27|1146894
8|3|28|254910
8|3|30|752094
8|3|31|1506800
8|3|33|998688
8|3|34|985180
8|3|35|360065
8|3|36|1121478
8|3|37|1886725
8|3|39|295753
8|3|40|602490
8|3|42|1668992
8|3|43|1144752
8|4|1|386640
8|4|2|867250
8|4|4|1131975
8|4|5|547230
8|4|6|1172634
8|4|7|598572
8|4|8|448705
8|4|10|853435
8|4|11|680795
8|4|12|864552
8|4|15|235422
8|4|16|349479
8|4|18|420000
8|4|19|1337058
8|4|20|463918
8|4|21|388523
8|4|22|107120
8|4|23|183528
8|4|24|680102
8|4|26|862903
8|4|27|763224
8|4|28|318681
8|4|30|1445626
8|4|31|1511600
8|4|33|1011414
8|4|34|593495
8|4|35|470350
8|4|36|1250722
8|4|37|1282973
8|4|39|393529
8|4|40|877800
8|4|42|1988064
8|4|43|1315440
8|5|1|241440
8|5|2|551750
8|5|4|689650
8|5|5|631040
8|5|6|1016658
8|5|7|406692
8|5|8|741750
8|5|10|1065835
8|5|11|766570
8|5|12|1260968
8|5|15|298521
8|5|16|413829
8|5|18|302848
8|5|19|1647870
8|5|20|447356
8|5|21|502377
8|5|22|169520
8|5|23|210240
8|5|24|925922
8|5|26|585176
8|5|27|1330938
8|5|28|275964
8|5|30|998515
8|5|31|1331600
8|5|33|725988
8|5|34|735413
8|5|35|476330
8|5|36|1242133
8|5|37|1350108
8|5|39|309236
8|5|40|747180
8|5|42|1671824
8|5|43|976080
8|6|1|388920
8|6|2|743500
8|6|4|964925
8|6|5|696150
8|6|6|1157760
8|6|7|616356
8|6|8|681550
8|6|10|531590
8|6|11|855870
8|6|12|1095686
8|6|15|360144
8|6|16|454428
8|6|18|407792
8|6|19|1212450
8|6|20|631540
8|6|21|542543
8|6|22|237315
8|6|23|215136
8|6|24|1002560
8|6|26|686887
8|6|27|888762
8|6|28|334515
8|6|30|1023519
8|6|31|1339600
8|6|33|1159278
8|6|34|576352
8|6|35|253690
8|6|36|1167695
8|6|37|1402890
8|6|39|317578
8|6|40|647640
8|6|42|1830888
8|6|43|983808
8|7|1|257280
8|7|2|671500
8|7|4|828750
8|7|5|450330
8|7|6|994950
8|7|7|517608
8|7|8|873545
8|7|10|1222480
8|7|11|783490
8|7|12|770338
8|7|15|446982
8|7|16|301626
8|7|18|474208
8|7|19|1188732
8|7|20|738920
8|7|21|387617
8|7|22|224315
8|7|23|200736
8|7|24|786624
8|7|26|772193
8|7|27|793212
8|7|28|300933
8|7|30|1043259
8|7|31|1838800
8|7|33|875670
8|7|34|646009
8|7|35|335340
8|7|36|1211049
8|7|37|1473266
8|7|39|294977
8|7|40|476280
8|7|42|1561848
8|7|43|1296288
8|8|1|365280
8|8|2|738000
8|8|4|1137825
8|8|5|538050
8|8|6|1319766
8|8|7|840294
8|8|8|473215
8|8|10|961405
8|8|11|720980
8|8|12|1141652
8|8|15|503070
8|8|16|348192
8|8|18|402304
8|8|19|674370
8|8|20|466466
8|8|21|606567
8|8|22|219050
8|8|23|185544
8|8|24|269679
8|8|26|561244
8|8|27|806148
8|8|28|217065
8|8|30|932386
8|8|31|1357600
8|8|33|702657
8|8|34|764274
8|8|35|309005
8|8|36|1270354
8|8|37|1387148
8|8|39|347357
8|8|40|521640
8|8|42|1219176
8|8|43|1155168
8|9|1|326520
8|9|2|967750
8|9|4|1281150
8|9|5|478550
8|9|6|1354740
8|9|7|541476
8|9|8|502240
8|9|10|747235
8|9|11|587265
8|9|12|1208482
8|9|15|432345
8|9|16|395694
8|9|18|319200
8|9|19|947658
8|9|20|590226
8|9|21|626348
8|9|22|224120
8|9|23|304056
8|9|24|460310
8|9|26|501607
8|9|27|671790
8|9|28|210714
8|9|30|1407133
8|9|31|962800
8|9|33|1015656
8|9|34|688975
8|9|35|347645
8|9|36|1026590
8|9|37|802842
8|9|39|188083
8|9|40|546630
8|9|42|1126664
8|9|43|944496
8|10|1|430440
8|10|2|749250
8|10|4|760175
8|10|5|651440
8|10|6|1063290
8|10|7|676728
8|10|8|580285
8|10|10|1082650
8|10|11|755525
8|10|12|772294
8|10|15|366663
8|10|16|438399
8|10|18|471968
8|10|19|1033680
8|10|20|370552
8|10|21|777499
8|10|22|215475
8|10|23|268056
8|10|24|848802
8|10|26|836848
8|10|27|1327116
8|10|28|358353
8|10|30|1465037
8|10|31|1306800
8|10|33|1028988
8|10|34|430745
8|10|35|447810
8|10|36|1307982
8|10|37|1559847
8|10|39|281494
8|10|40|603330
8|10|42|1391928
8|10|43|1290576
8|11|1|342240
8|11|2|1014000
8|11|4|1000025
8|11|5|591090
8|11|6|1255848
8|11|7|762372
8|11|8|454940
8|11|10|979400
8|11|11|479870
8|11|12|688512
8|11|15|271338
8|11|16|477945
8|11|18|418096
8|11|19|1112976
8|11|20|547638
8|11|21|380067
8|11|22|282880
8|11|23|202464
8|11|24|656243
8|11|26|496589
8|11|27|1015182
8|11|28|236031
8|11|30|1300537
8|11|31|975200
8|11|33|799011
8|11|34|656859
8|11|35|394450
8|11|36|1313708
8|11|37|1458913
8|11|39|240657
8|11|40|672840
8|11|42|1065304
8|11|43|1169952
8|12|1|322680
8|12|2|729000
8|12|4|1117675
8|12|5|675410
8|12|6|920580
8|12|7|665262
8|12|8|783890
8|12|10|930430
8|12|11|1027655
8|12|12|812392
8|12|15|490647
8|12|16|518895
8|12|18|325248
8|12|19|950844
8|12|20|633178
8|12|21|571837
8|12|22|204685
8|12|23|245592
8|12|24|1014369
8|12|26|687852
8|12|27|1191876
8|12|28|182265
8|12|30|857045
8|12|31|1231200
8|12|33|796587
8|12|34|914004
8|12|35|339940
8|12|36|1015547
8|12|37|1638557
8|12|39|253752
8|12|40|817110
8|12|42|1937560
8|12|43|1255968
9|1|1|222960
9|1|2|934000
9|1|4|781950
9|1|5|732020
9|1|6|1226100
9|1|7|681408
9|1|8|843230
9|1|10|882345
9|1|11|590790
9|1|12|1540676
9|1|15|377979
9|1|16|328302
9|1|18|277088
9|1|19|1272276
9|1|20|433160
9|1|21|494072
9|1|22|127205
9|1|23|160632
9|1|24|615755
9|1|26|709854
9|1|27|907284
9|1|28|214020
9|1|30|1001805
9|1|31|1526800
9|1|33|1116555
9|1|34|648396
9|1|35|419405
9|1|36|1164423
9|1|37|1431596
9|1|39|294977
9|1|40|714840
9|1|42|1392872
9|1|43|1290240
9|2|1|359880
9|2|2|604250
9|2|4|919750
9|2|5|515440
9|2|6|1267908
9|2|7|704808
9|2|8|671015
9|2|10|826590
9|2|11|585150
9|2|12|645154
9|2|15|409344
9|2|16|271323
9|2|18|422800
9|2|19|1114392
9|2|20|504686
9|2|21|325556
9|2|22|153530
9|2|23|163296
9|2|24|733122
9|2|26|455287
9|2|27|872298
9|2|28|197055
9|2|30|989632
9|2|31|1109600
9|2|33|1162308
9|2|34|682248
9|2|35|299920
9|2|36|1295712
9|2|37|1495027
9|2|39|204476
9|2|40|639240
9|2|42|1009608
9|2|43|959952
9|3|1|329880
9|3|2|705250
9|3|4|837850
9|3|5|601800
9|3|6|1471320
9|3|7|747162
9|3|8|767120
9|3|10|1108315
9|3|11|819915
9|3|12|1097642
9|3|15|280440
9|3|16|450450
9|3|18|379680
9|3|19|1364316
9|3|20|475020
9|3|21|506907
9|3|22|237445
9|3|23|213912
9|3|24|778912
9|3|26|792458
9|3|27|816438
9|3|28|279618
9|3|30|975156
9|3|31|1430800
9|3|33|722958
9|3|34|614327
9|3|35|320275
9|3|36|1810234
9|3|37|1814034
9|3|39|313795
9|3|40|546210
9|3|42|1482080
9|3|43|1487136
9|4|1|223200
9|4|2|919750
9|4|4|931775
9|4|5|506600
9|4|6|1229316
9|4|7|577044
9|4|8|762605
9|4|10|1036925
9|4|11|627215
9|4|12|1169688
9|4|15|369615
9|4|16|366912
9|4|18|336672
9|4|19|1323252
9|4|20|583492
9|4|21|595242
9|4|22|234260
9|4|23|225576
9|4|24|393553
9|4|26|704836
9|4|27|1038702
9|4|28|196098
9|4|30|1157422
9|4|31|985200
9|4|33|799920
9|4|34|465248
9|4|35|329705
9|4|36|1185691
9|4|37|961188
9|4|39|420495
9|4|40|771540
9|4|42|950136
9|4|43|1149456
9|5|1|167040
9|5|2|627750
9|5|4|1054950
9|5|5|327930
9|5|6|1064898
9|5|7|832806
9|5|8|659190
9|5|10|1004475
9|5|11|786075
9|5|12|1047438
9|5|15|320661
9|5|16|411957
9|5|18|260400
9|5|19|1240770
9|5|20|466102
9|5|21|378104
9|5|22|111930
9|5|23|297216
9|5|24|687332
9|5|26|536540
9|5|27|979902
9|5|28|306327
9|5|30|1347913
9|5|31|950400
9|5|33|1120494
9|5|34|905975
9|5|35|278415
9|5|36|1269945
9|5|37|1413539
9|5|39|320003
9|5|40|850080
9|5|42|1627456
9|5|43|1397088
9|6|1|293400
9|6|2|598750
9|6|4|1074450
9|6|5|365670
9|6|6|861888
9|6|7|659412
9|6|8|658760
9|6|10|993560
9|6|11|649775
9|6|12|1052328
9|6|15|434805
9|6|16|391950
9|6|18|341824
9|6|19|1036866
9|6|20|567112
9|6|21|497847
9|6|22|260000
9|6|23|234864
9|6|24|876517
9|6|26|411283
9|6|27|869946
9|6|28|279618
9|6|30|711627
9|6|31|1137600
9|6|33|702657
9|6|34|655557
9|6|35|260015
9|6|36|1522298
9|6|37|986653
9|6|39|308945
9|6|40|891450
9|6|42|1890360
9|6|43|1200192
9|7|1|231960
9|7|2|638750
9|7|4|1123200
9|7|5|694960
9|7|6|1058064
9|7|7|705978
9|7|8|948795
9|7|10|979695
9|7|11|669515
9|7|12|1372786
9|7|15|283392
9|7|16|344916
9|7|18|286048
9|7|19|1250682
9|7|20|668304
9|7|21|261683
9|7|22|131950
9|7|23|199656
9|7|24|944961
9|7|26|824882
9|7|27|1000482
9|7|28|196794
9|7|30|964299
9|7|31|1131200
9|7|33|823857
9|7|34|621488
9|7|35|415150
9|7|36|1261356
9|7|37|1544105
9|7|39|347163
9|7|40|668640
9|7|42|1315464
9|7|43|1189776
9|8|1|453240
9|8|2|1012250
9|8|4|1157650
9|8|5|552330
9|8|6|1536042
9|8|7|801216
9|8|8|559645
9|8|10|907420
9|8|11|464125
9|8|12|975718
9|8|15|528408
9|8|16|287586
9|8|18|401632
9|8|19|840750
9|8|20|492492
9|8|21|308795
9|8|22|219115
9|8|23|116424
9|8|24|1122578
9|8|26|576684
9|8|27|826434
9|8|28|279096
9|8|30|593187
9|8|31|1249600
9|8|33|938694
9|8|34|668794
9|8|35|456665
9|8|36|1343565
9|8|37|1351960
9|8|39|311564
9|8|40|677670
9|8|42|1410336
9|8|43|744576
9|9|1|316560
9|9|2|972500
9|9|4|1069250
9|9|5|692240
9|9|6|1023492
9|9|7|605358
9|9|8|713155
9|9|10|1246080
9|9|11|577630
9|9|12|830322
9|9|15|266541
9|9|16|416871
9|9|18|475776
9|9|19|1409628
9|9|20|567476
9|9|21|536503
9|9|22|269750
9|9|23|173808
9|9|24|910257
9|9|26|606213
9|9|27|1215396
9|9|28|133458
9|9|30|677411
9|9|31|1268000
9|9|33|829614
9|9|34|705033
9|9|35|492430
9|9|36|1144791
9|9|37|1612166
9|9|39|295850
9|9|40|546840
9|9|42|1871952
9|9|43|1113840
9|10|1|319200
9|10|2|753250
9|10|4|1212250
9|10|5|573240
9|10|6|998568
9|10|7|726570
9|10|8|398395
9|10|10|862875
9|10|11|513005
9|10|12|989084
9|10|15|237390
9|10|16|298350
9|10|18|478128
9|10|19|1438302
9|10|20|679588
9|10|21|691731
9|10|22|225485
9|10|23|286848
9|10|24|977255
9|10|26|725294
9|10|27|785568
9|10|28|287709
9|10|30|1155448
9|10|31|1019200
9|10|33|773256
9|10|34|510601
9|10|35|328555
9|10|36|1465856
9|10|37|1402427
9|10|39|244343
9|10|40|703710
9|10|42|1095984
9|10|43|1032192
9|11|1|362160
9|11|2|595750
9|11|4|1028625
9|11|5|457470
9|11|6|1086204
9|11|7|423072
9|11|8|652310
9|11|10|562565
9|11|11|646955
9|11|12|1386804
9|11|15|341325
9|11|16|359424
9|11|18|430976
9|11|19|1046778
9|11|20|546910
9|11|21|586333
9|11|22|179595
9|11|23|281952
9|11|24|698418
9|11|26|639023
9|11|27|907284
9|11|28|178959
9|11|30|893235
9|11|31|936800
9|11|33|971418
9|11|34|859537
9|11|35|336605
9|11|36|1076897
9|11|37|1802459
9|11|39|341052
9|11|40|483000
9|11|42|947776
9|11|43|861504
9|12|1|280200
9|12|2|793500
9|12|4|1077700
9|12|5|520370
9|12|6|1369614
9|12|7|1020474
9|12|8|448920
9|12|10|928365
9|12|11|1011440
9|12|12|873354
9|12|15|284622
9|12|16|242073
9|12|18|375536
9|12|19|1131738
9|12|20|392938
9|12|21|575461
9|12|22|175825
9|12|23|242280
9|12|24|753848
9|12|26|483851
9|12|27|663558
9|12|28|193749
9|12|30|1565053
9|12|31|1242800
9|12|33|963540
9|12|34|948724
9|12|35|249780
9|12|36|1024545
9|12|37|1962657
9|12|39|310497
9|12|40|681030
9|12|42|1032736
9|12|43|1012704
10|1|1|261600
10|1|2|958750
10|1|4|1357200
10|1|5|411230
10|1|6|929826
10|1|7|522756
10|1|8|502885
10|1|10|984710
10|1|11|1075595
10|1|12|1269770
10|1|15|373674
10|1|16|335790
10|1|18|535808
10|1|19|1574592
10|1|20|763854
10|1|21|531973
10|1|22|219765
10|1|23|331200
10|1|24|817231
10|1|26|655814
10|1|27|1154538
10|1|28|308241
10|1|30|1160712
10|1|31|1606000
10|1|33|1040502
10|1|34|646226
10|1|35|306475
10|1|36|919023
10|1|37|1866816
10|1|39|270630
10|1|40|675150
10|1|42|1792184
10|1|43|1194144
10|2|1|387360
10|2|2|497250
10|2|4|814450
10|2|5|480080
10|2|6|909324
10|2|7|753714
10|2|8|399040
10|2|10|644575
10|2|11|893705
10|2|12|774576
10|2|15|422382
10|2|16|448695
10|2|18|373632
10|2|19|1119702
10|2|20|426972
10|2|21|666061
10|2|22|216450
10|2|23|241488
10|2|24|497906
10|2|26|411476
10|2|27|681492
10|2|28|276747
10|2|30|866915
10|2|31|1096400
10|2|33|669630
10|2|34|700259
10|2|35|196305
10|2|36|1159924
10|2|37|1307512
10|2|39|285568
10|2|40|459690
10|2|42|958632
10|2|43|887376
10|3|1|380160
10|3|2|968750
10|3|4|637325
10|3|5|449310
10|3|6|1200774
10|3|7|678600
10|3|8|695955
10|3|10|1213040
10|3|11|725210
10|3|12|1004732
10|3|15|301719
10|3|16|444015
10|3|18|387744
10|3|19|1059168
10|3|20|565474
10|3|21|395016
10|3|22|223275
10|3|23|216144
10|3|24|874830
10|3|26|385421
10|3|27|1123080
10|3|28|243426
10|3|30|1004108
10|3|31|1445200
10|3|33|866883
10|3|34|803334
10|3|35|387895
10|3|36|1663812
10|3|37|1839962
10|3|39|311952
10|3|40|652050
10|3|42|2007888
10|3|43|1061088
10|4|1|324840
10|4|2|659250
10|4|4|1298050
10|4|5|306000
10|4|6|1506294
10|4|7|753948
10|4|8|711220
10|4|10|1051970
10|4|11|944465
10|4|12|823802
10|4|15|359406
10|4|16|348660
10|4|18|445760
10|4|19|1202538
10|4|20|709254
10|4|21|441222
10|4|22|279695
10|4|23|342504
10|4|24|653833
10|4|26|579965
10|4|27|580356
10|4|28|314331
10|4|30|965615
10|4|31|1235600
10|4|33|983235
10|4|34|670096
10|4|35|285545
10|4|36|1074034
10|4|37|1455672
10|4|39|204379
10|4|40|499380
10|4|42|1395232
10|4|43|1204560
10|5|1|357960
10|5|2|883750
10|5|4|1016600
10|5|5|746810
10|5|6|1354338
10|5|7|659178
10|5|8|640485
10|5|10|717145
10|5|11|624395
10|5|12|1013208
10|5|15|310821
10|5|16|402831
10|5|18|292096
10|5|19|857742
10|5|20|426608
10|5|21|473838
10|5|22|224445
10|5|23|291960
10|5|24|869287
10|5|26|684957
10|5|27|956970
10|5|28|271701
10|5|30|1126167
10|5|31|1437600
10|5|33|1185639
10|5|34|419678
10|5|35|317630
10|5|36|902254
10|5|37|1011655
10|5|39|490044
10|5|40|493290
10|5|42|1757256
10|5|43|631344
10|6|1|380640
10|6|2|556000
10|6|4|1013675
10|6|5|344590
10|6|6|1137660
10|6|7|707616
10|6|8|467410
10|6|10|777325
10|6|11|817095
10|6|12|915408
10|6|15|361374
10|6|16|308529
10|6|18|353584
10|6|19|1439364
10|6|20|635908
10|6|21|362400
10|6|22|223795
10|6|23|157536
10|6|24|938695
10|6|26|656972
10|6|27|1226274
10|6|28|191487
10|6|30|719852
10|6|31|1392800
10|6|33|766287
10|6|34|620837
10|6|35|372715
10|6|36|1735796
10|6|37|1604295
10|6|39|301573
10|6|40|658770
10|6|42|1392400
10|6|43|891744
10|7|1|491520
10|7|2|641000
10|7|4|764075
10|7|5|466480
10|7|6|1478958
10|7|7|732654
10|7|8|860430
10|7|10|677025
10|7|11|594315
10|7|12|903020
10|7|15|422505
10|7|16|405054
10|7|18|494368
10|7|19|1337766
10|7|20|454636
10|7|21|523970
10|7|22|188760
10|7|23|215280
10|7|24|828558
10|7|26|691326
10|7|27|1353282
10|7|28|286752
10|7|30|550746
10|7|31|1183200
10|7|33|803253
10|7|34|692664
10|7|35|363745
10|7|36|1833138
10|7|37|1793662
10|7|39|295753
10|7|40|502740
10|7|42|1281952
10|7|43|1179024
10|8|1|294720
10|8|2|732250
10|8|4|1139125
10|8|5|512890
10|8|6|1880556
10|8|7|555282
10|8|8|507830
10|8|10|994740
10|8|11|770800
10|8|12|1059500
10|8|15|356577
10|8|16|402129
10|8|18|360528
10|8|19|1056690
10|8|20|408590
10|8|21|409965
10|8|22|92300
10|8|23|200088
10|8|24|702033
10|8|26|888572
10|8|27|1245384
10|8|28|301890
10|8|30|1145249
10|8|31|1047600
10|8|33|1055652
10|8|34|672483
10|8|35|342010
10|8|36|1640499
10|8|37|1427892
10|8|39|215243
10|8|40|360780
10|8|42|1831832
10|8|43|1053696
10|9|1|341160
10|9|2|847500
10|9|4|880100
10|9|5|582250
10|9|6|1164594
10|9|7|718380
10|9|8|656825
10|9|10|736910
10|9|11|830490
10|9|12|1012556
10|9|15|455961
10|9|16|326664
10|9|18|317408
10|9|19|854202
10|9|20|462098
10|9|21|661531
10|9|22|210405
10|9|23|256824
10|9|24|382226
10|9|26|591931
10|9|27|932862
10|9|28|179481
10|9|30|1031415
10|9|31|1085200
10|9|33|724170
10|9|34|619101
10|9|35|318895
10|9|36|1605325
10|9|37|1439930
10|9|39|316123
10|9|40|889980
10|9|42|1477832
10|9|43|1110144
10|10|1|291960
10|10|2|1045000
10|10|4|777400
10|10|5|431970
10|10|6|1009020
10|10|7|909090
10|10|8|426775
10|10|10|1019225
10|10|11|747770
10|10|12|981912
10|10|15|358299
10|10|16|330174
10|10|18|320544
10|10|19|900930
10|10|20|290472
10|10|21|500414
10|10|22|197600
10|10|23|293760
10|10|24|506341
10|10|26|603704
10|10|27|1077804
10|10|28|246384
10|10|30|1077804
10|10|31|983600
10|10|33|1090497
10|10|34|501921
10|10|35|281405
10|10|36|1563607
10|10|37|1081568
10|10|39|297596
10|10|40|802200
10|10|42|1636424
10|10|43|1183392
